<?xml version="1.0" encoding="UTF-8"?><embeddedOutputs><metaData><evaluationState>manual</evaluationState><layoutState>code</layoutState><outputStatus>ready</outputStatus></metaData><outputArray type="array"><element><type>variable</type><outputData><name>value</name><value>-0.9253</value><header></header><rows>1</rows><columns>1</columns></outputData><lineNumbers type="array"><element>3</element></lineNumbers></element></outputArray><regionArray type="array"><element><code><sectionBreak>true</sectionBreak><endOfSection>false</endOfSection><regionString>fun= @(x) (1-exp(x))/sqrt(x);</regionString><regionNumber>0</regionNumber></code><startLine>0</startLine><endLine>0</endLine><outputIndexes type="array"/></element><element><code><sectionBreak>false</sectionBreak><endOfSection>false</endOfSection><regionString>Answer=integral(fun,0,1,'ArrayValued',true);</regionString><regionNumber>1</regionNumber></code><startLine>1</startLine><endLine>1</endLine><outputIndexes type="array"/></element><element><code><sectionBreak>false</sectionBreak><endOfSection>true</endOfSection><regionString>value=Answer</regionString><regionNumber>2</regionNumber></code><startLine>2</startLine><endLine>2</endLine><outputIndexes type="array"><element>0</element></outputIndexes></element></regionArray></embeddedOutputs>