time,angle1,angle2
0,0.017,0
0.05,0.035,0.017
0.1,0.035,0.035
0.15,0.035,0.052
0.2,0.035,0.087
0.25,0.017,0.105
0.3,0.017,0.14
0.35,0.017,0.157
0.4,0,0.192
0.45,0,0.209
0.5,0,0.227
0.55,-0.017,0.227
0.6,-0.017,0.227
0.65,-0.017,0.209
0.7,-0.017,0.192
0.75,-0.017,0.157
0.8,-0.017,0.14
0.85,-0.017,0.105
0.9,0,0.087
0.95,0,0.052
1,0.017,0.035
1.05,0.017,0.017
1.1,0.035,0.017
1.15,0.035,0.017
1.2,0.035,0.035
1.25,0.052,0.052
1.3,0.052,0.07
1.35,0.052,0.087
1.4,0.035,0.122
1.45,0.035,0.14
1.5,0.017,0.175
1.55,0.017,0.192
1.6,0,0.209
1.65,-0.017,0.209
1.7,-0.017,0.209
1.75,-0.035,0.209
1.8,-0.035,0.192
1.85,-0.035,0.175
1.9,-0.035,0.157
1.95,-0.035,0.122
2,-0.017,0.105
2.05,0,0.087
2.1,0,0.07
2.15,0.017,0.052
2.2,0.035,0.035
2.25,0.035,0.035
2.3,0.052,0.035
2.35,0.052,0.035
2.4,0.052,0.052
2.45,0.052,0.07
2.5,0.052,0.087
2.55,0.035,0.105
2.6,0.017,0.14
2.65,0.017,0.157
2.7,0,0.175
2.75,-0.017,0.192
2.8,-0.035,0.192
2.85,-0.035,0.192
2.9,-0.035,0.192
2.95,-0.035,0.192
3,-0.035,0.175
3.05,-0.035,0.157
3.1,-0.017,0.14
3.15,0,0.122
3.2,0,0.105
3.25,0.017,0.087
3.3,0.035,0.07
3.35,0.052,0.052
3.4,0.052,0.052
3.45,0.052,0.035
3.5,0.052,0.052
3.55,0.052,0.052
3.6,0.052,0.07
3.65,0.035,0.07
3.7,0.017,0.105
3.75,0.017,0.122
3.8,0,0.14
3.85,-0.017,0.157
3.9,-0.017,0.175
3.95,-0.035,0.192
4,-0.035,0.192
4.05,-0.035,0.192
4.1,-0.035,0.192
4.15,-0.035,0.192
4.2,-0.017,0.175
4.25,-0.017,0.157
4.3,0,0.14
4.35,0.017,0.105
4.4,0.017,0.087
4.45,0.035,0.07
4.5,0.052,0.052
4.55,0.052,0.052
4.6,0.052,0.035
4.65,0.052,0.035
4.7,0.052,0.052
4.75,0.052,0.052
4.8,0.035,0.07
4.85,0.017,0.087
4.9,0.017,0.105
4.95,0,0.14
5,-0.017,0.157
5.05,-0.017,0.175
5.1,-0.035,0.192
5.15,-0.035,0.192
5.2,-0.035,0.192
5.25,-0.035,0.192
5.3,-0.035,0.192
5.35,-0.017,0.175
5.4,-0.017,0.157
5.45,0,0.14
5.5,0.017,0.122
5.55,0.017,0.087
5.6,0.035,0.07
5.65,0.052,0.07
5.7,0.052,0.052
5.75,0.052,0.035
5.8,0.052,0.035
5.85,0.052,0.052
5.9,0.052,0.052
5.95,0.035,0.07
6,0.017,0.087
6.05,0.017,0.105
6.1,0,0.122
6.15,-0.017,0.157
6.2,-0.017,0.175
6.25,-0.035,0.175
6.3,-0.035,0.192
6.35,-0.035,0.192
6.4,-0.035,0.192
6.45,-0.035,0.192
6.5,-0.017,0.175
6.55,-0.017,0.157
6.6,0,0.14
6.65,0.017,0.122
6.7,0.017,0.105
6.75,0.035,0.087
6.8,0.052,0.07
6.85,0.052,0.052
6.9,0.052,0.052
6.95,0.052,0.035
7,0.052,0.052
7.05,0.052,0.052
7.1,0.035,0.07
7.15,0.017,0.087
7.2,0.017,0.105
7.25,0,0.122
7.3,-0.017,0.14
7.35,-0.017,0.157
7.4,-0.035,0.175
7.45,-0.035,0.192
7.5,-0.035,0.192
7.55,-0.035,0.192
7.6,-0.035,0.192
7.65,-0.017,0.175
7.7,-0.017,0.157
7.75,0,0.14
7.8,0.017,0.122
7.85,0.017,0.105
7.9,0.035,0.087
7.95,0.052,0.07
8,0.052,0.052
8.05,0.052,0.052
8.1,0.052,0.052
8.15,0.052,0.052
8.2,0.052,0.052
8.25,0.035,0.07
8.3,0.017,0.087
8.35,0.017,0.105
8.4,0,0.122
8.45,-0.017,0.14
8.5,-0.017,0.157
8.55,-0.035,0.175
8.6,-0.035,0.192
8.65,-0.035,0.192
8.7,-0.035,0.192
8.75,-0.035,0.192
8.8,-0.017,0.175
8.85,-0.017,0.157
8.9,0,0.14
8.95,0.017,0.122
9,0.017,0.105
9.05,0.035,0.087
9.1,0.052,0.07
9.15,0.052,0.052
9.2,0.052,0.052
9.25,0.052,0.052
9.3,0.052,0.052
9.35,0.052,0.052
9.4,0.035,0.07
9.45,0.017,0.087
9.5,0.017,0.105
9.55,0,0.122
9.6,-0.017,0.14
9.65,-0.017,0.157
9.7,-0.035,0.175
9.75,-0.035,0.175
9.8,-0.035,0.192
9.85,-0.035,0.192
9.9,-0.035,0.192
9.95,-0.017,0.175
10,-0.017,0.157
10.05,0,0.157
10.1,0.017,0.122
10.15,0.017,0.105
10.2,0.035,0.087
10.25,0.052,0.07
10.3,0.052,0.07
10.35,0.052,0.052
10.4,0.052,0.052
10.45,0.052,0.052
10.5,0.052,0.052
10.55,0.035,0.07
10.6,0.017,0.087
10.65,0.017,0.105
10.7,0,0.122
10.75,-0.017,0.14
10.8,-0.017,0.157
10.85,-0.035,0.175
10.9,-0.035,0.175
10.95,-0.035,0.192
11,-0.035,0.192
11.05,-0.035,0.192
11.1,-0.017,0.175
11.15,-0.017,0.175
11.2,0,0.157
11.25,0.017,0.14
11.3,0.017,0.122
11.35,0.035,0.087
11.4,0.052,0.07
11.45,0.052,0.07
11.5,0.052,0.052
11.55,0.052,0.052
11.6,0.052,0.052
11.65,0.052,0.052
11.7,0.035,0.07
11.75,0.017,0.07
11.8,0.017,0.087
11.85,0,0.105
11.9,-0.017,0.122
11.95,-0.017,0.157
12,-0.035,0.157
12.05,-0.035,0.175
12.1,-0.035,0.192
12.15,-0.035,0.192
12.2,-0.035,0.192
12.25,-0.035,0.175
12.3,-0.017,0.175
12.35,0,0.157
12.4,0.017,0.14
12.45,0.017,0.122
12.5,0.035,0.105
12.55,0.052,0.087
12.6,0.052,0.07
12.65,0.052,0.052
12.7,0.052,0.052
12.75,0.052,0.052
12.8,0.052,0.052
12.85,0.035,0.07
12.9,0.035,0.07
12.95,0.017,0.087
13,0,0.105
13.05,-0.017,0.122
13.1,-0.017,0.14
13.15,-0.035,0.157
13.2,-0.035,0.175
13.25,-0.035,0.175
13.3,-0.035,0.192
13.35,-0.035,0.192
13.4,-0.035,0.175
13.45,-0.017,0.175
13.5,0,0.157
13.55,0,0.14
13.6,0.017,0.122
13.65,0.035,0.105
13.7,0.052,0.087
13.75,0.052,0.07
13.8,0.052,0.052
13.85,0.052,0.052
13.9,0.052,0.052
13.95,0.052,0.052
14,0.035,0.07
14.05,0.035,0.07
14.1,0.017,0.087
14.15,0,0.105
14.2,-0.017,0.122
14.25,-0.017,0.14
14.3,-0.035,0.157
14.35,-0.035,0.175
14.4,-0.035,0.175
14.45,-0.035,0.192
14.5,-0.035,0.192
14.55,-0.035,0.175
14.6,-0.017,0.175
14.65,0,0.157
14.7,0,0.14
14.75,0.017,0.122
14.8,0.035,0.105
14.85,0.035,0.087
14.9,0.052,0.07
14.95,0.052,0.07
15,0.052,0.052
15.05,0.052,0.052
15.1,0.052,0.052
15.15,0.035,0.052
15.2,0.035,0.07
15.25,0.017,0.087
15.3,0,0.105
15.35,-0.017,0.122
15.4,-0.017,0.14
15.45,-0.035,0.157
15.5,-0.035,0.175
15.55,-0.035,0.175
15.6,-0.035,0.192
15.65,-0.035,0.192
15.7,-0.035,0.175
15.75,-0.017,0.175
15.8,0,0.157
15.85,0,0.14
15.9,0.017,0.122
15.95,0.035,0.105
16,0.035,0.087
16.05,0.052,0.07
16.1,0.052,0.07
16.15,0.052,0.052
16.2,0.052,0.052
16.25,0.052,0.052
16.3,0.035,0.052
16.35,0.035,0.07
16.4,0.017,0.087
16.45,0,0.105
16.5,-0.017,0.122
16.55,-0.017,0.14
16.6,-0.035,0.157
16.65,-0.035,0.157
16.7,-0.035,0.175
16.75,-0.035,0.175
16.8,-0.035,0.175
16.85,-0.035,0.175
16.9,-0.017,0.175
16.95,0,0.157
17,0,0.14
17.05,0.017,0.122
17.1,0.035,0.105
17.15,0.035,0.087
17.2,0.052,0.087
17.25,0.052,0.07
17.3,0.052,0.052
17.35,0.052,0.052
17.4,0.052,0.052
17.45,0.035,0.052
17.5,0.035,0.07
17.55,0.017,0.087
17.6,0,0.105
17.65,-0.017,0.122
17.7,-0.017,0.14
17.75,-0.035,0.157
17.8,-0.035,0.157
17.85,-0.035,0.175
17.9,-0.035,0.175
17.95,-0.035,0.175
18,-0.035,0.175
18.05,-0.017,0.175
18.1,-0.017,0.157
18.15,0,0.14
18.2,0.017,0.14
18.25,0.035,0.122
18.3,0.035,0.105
18.35,0.052,0.087
18.4,0.052,0.07
18.45,0.052,0.07
18.5,0.052,0.052
18.55,0.052,0.052
18.6,0.035,0.052
18.65,0.035,0.07
18.7,0.017,0.087
18.75,0,0.105
18.8,0,0.105
18.85,-0.017,0.122
18.9,-0.035,0.14
18.95,-0.035,0.157
19,-0.035,0.175
19.05,-0.035,0.175
19.1,-0.035,0.175
19.15,-0.035,0.175
19.2,-0.017,0.175
19.25,-0.017,0.157
19.3,0,0.157
19.35,0.017,0.14
19.4,0.035,0.122
19.45,0.035,0.105
19.5,0.052,0.087
19.55,0.052,0.07
19.6,0.052,0.07
19.65,0.052,0.052
19.7,0.052,0.052
19.75,0.052,0.052
19.8,0.035,0.07
19.85,0.017,0.087
19.9,0,0.087
19.95,0,0.105
20,-0.017,0.122
20.05,-0.035,0.14
20.1,-0.035,0.157
20.15,-0.035,0.175
20.2,-0.035,0.175
20.25,-0.035,0.175
20.3,-0.035,0.175
20.35,-0.017,0.175
20.4,-0.017,0.157
20.45,0,0.157
20.5,0.017,0.14
20.55,0.035,0.122
20.6,0.035,0.105
20.65,0.052,0.087
20.7,0.052,0.07
20.75,0.052,0.07
20.8,0.052,0.052
20.85,0.052,0.052
20.9,0.052,0.07
20.95,0.035,0.07
21,0.017,0.087
21.05,0,0.087
21.1,0,0.105
21.15,-0.017,0.122
21.2,-0.035,0.14
21.25,-0.035,0.157
21.3,-0.035,0.157
21.35,-0.052,0.175
21.4,-0.035,0.175
21.45,-0.035,0.175
21.5,-0.017,0.175
21.55,-0.017,0.157
21.6,0,0.157
21.65,0.017,0.14
21.7,0.035,0.122
21.75,0.035,0.105
21.8,0.052,0.087
21.85,0.052,0.07
21.9,0.052,0.07
21.95,0.052,0.07
22,0.052,0.052
22.05,0.052,0.07
22.1,0.035,0.07
22.15,0.017,0.07
22.2,0.017,0.087
22.25,0,0.105
22.3,-0.017,0.122
22.35,-0.035,0.14
22.4,-0.035,0.157
22.45,-0.035,0.157
22.5,-0.052,0.175
22.55,-0.035,0.175
22.6,-0.035,0.175
22.65,-0.035,0.175
22.7,-0.017,0.157
22.75,0,0.157
22.8,0.017,0.14
22.85,0.035,0.122
22.9,0.035,0.105
22.95,0.052,0.087
23,0.052,0.087
23.05,0.052,0.07
23.1,0.052,0.07
23.15,0.052,0.07
23.2,0.052,0.07
23.25,0.035,0.07
23.3,0.017,0.07
23.35,0.017,0.087
23.4,0,0.105
23.45,-0.017,0.122
23.5,-0.035,0.14
23.55,-0.035,0.157
23.6,-0.035,0.157
23.65,-0.052,0.175
23.7,-0.035,0.175
23.75,-0.035,0.175
23.8,-0.035,0.175
23.85,-0.017,0.157
23.9,0,0.157
23.95,0.017,0.14
24,0.017,0.122
24.05,0.035,0.105
24.1,0.052,0.105
24.15,0.052,0.087
24.2,0.052,0.07
24.25,0.07,0.07
24.3,0.052,0.07
24.35,0.052,0.07
24.4,0.035,0.07
24.45,0.035,0.07
24.5,0.017,0.087
24.55,0,0.105
24.6,-0.017,0.122
24.65,-0.035,0.14
24.7,-0.035,0.14
24.75,-0.035,0.157
24.8,-0.052,0.175
24.85,-0.052,0.175
24.9,-0.035,0.175
24.95,-0.035,0.175
25,-0.017,0.157
25.05,0,0.157
25.1,0.017,0.14
25.15,0.017,0.122
25.2,0.035,0.105
25.25,0.052,0.105
25.3,0.052,0.087
25.35,0.052,0.07
25.4,0.07,0.07
25.45,0.052,0.07
25.5,0.052,0.07
25.55,0.035,0.07
25.6,0.035,0.07
25.65,0.017,0.087
25.7,0,0.105
25.75,-0.017,0.122
25.8,-0.035,0.122
25.85,-0.035,0.14
25.9,-0.035,0.157
25.95,-0.052,0.157
26,-0.052,0.175
26.05,-0.035,0.175
26.1,-0.035,0.175
26.15,-0.017,0.157
26.2,0,0.157
26.25,0,0.14
26.3,0.017,0.122
26.35,0.035,0.122
26.4,0.052,0.105
26.45,0.052,0.087
26.5,0.052,0.07
26.55,0.07,0.07
26.6,0.052,0.07
26.65,0.052,0.07
26.7,0.035,0.07
26.75,0.035,0.07
26.8,0.017,0.087
26.85,0,0.105
26.9,-0.017,0.122
26.95,-0.017,0.122
27,-0.035,0.14
27.05,-0.035,0.157
27.1,-0.052,0.157
27.15,-0.052,0.175
27.2,-0.035,0.175
27.25,-0.035,0.175
27.3,-0.017,0.157
27.35,0,0.157
27.4,0,0.14
27.45,0.017,0.14
27.5,0.035,0.122
27.55,0.052,0.105
27.6,0.052,0.087
27.65,0.052,0.087
27.7,0.07,0.07
27.75,0.052,0.07
27.8,0.052,0.07
27.85,0.052,0.07
27.9,0.035,0.07
27.95,0.017,0.087
28,0,0.105
28.05,-0.017,0.105
28.1,-0.017,0.122
28.15,-0.035,0.14
28.2,-0.035,0.157
28.25,-0.052,0.157
28.3,-0.052,0.175
28.35,-0.035,0.175
28.4,-0.035,0.175
28.45,-0.017,0.157
28.5,-0.017,0.157
28.55,0,0.14
28.6,0.017,0.14
28.65,0.035,0.122
28.7,0.052,0.105
28.75,0.052,0.087
28.8,0.052,0.087
28.85,0.07,0.07
28.9,0.07,0.07
28.95,0.052,0.07
29,0.052,0.07
29.05,0.035,0.07
29.1,0.017,0.087
29.15,0,0.105
29.2,-0.017,0.105
29.25,-0.017,0.122
29.3,-0.035,0.14
29.35,-0.035,0.157
29.4,-0.052,0.157
29.45,-0.052,0.157
29.5,-0.052,0.175
29.55,-0.035,0.175
29.6,-0.017,0.157
29.65,-0.017,0.157
29.7,0,0.14
29.75,0.017,0.14
29.8,0.035,0.122
29.85,0.052,0.105
29.9,0.052,0.087
29.95,0.052,0.087
30,0.07,0.07
30.05,0.07,0.07
30.1,0.052,0.07
30.15,0.052,0.07
30.2,0.035,0.07
30.25,0.017,0.087
30.3,0,0.105
30.35,0,0.105
30.4,-0.017,0.122
30.45,-0.035,0.14
30.5,-0.035,0.14
30.55,-0.052,0.157
30.6,-0.052,0.157
30.65,-0.052,0.175
30.7,-0.035,0.175
30.75,-0.035,0.157
30.8,-0.017,0.157
30.85,0,0.14
30.9,0.017,0.14
30.95,0.035,0.122
31,0.035,0.105
31.05,0.052,0.105
31.1,0.052,0.087
31.15,0.07,0.07
31.2,0.07,0.07
31.25,0.052,0.07
31.3,0.052,0.07
31.35,0.035,0.07
31.4,0.017,0.087
31.45,0.017,0.105
31.5,0,0.105
31.55,-0.017,0.122
31.6,-0.035,0.14
31.65,-0.035,0.14
31.7,-0.052,0.157
31.75,-0.052,0.157
31.8,-0.052,0.157
31.85,-0.035,0.157
31.9,-0.035,0.157
31.95,-0.017,0.157
32,0,0.14
32.05,0.017,0.14
32.1,0.035,0.122
32.15,0.035,0.105
32.2,0.052,0.105
32.25,0.052,0.087
32.3,0.07,0.087
32.35,0.07,0.07
32.4,0.052,0.07
32.45,0.052,0.07
32.5,0.035,0.07
32.55,0.017,0.087
32.6,0.017,0.087
32.65,0,0.105
32.7,-0.017,0.122
32.75,-0.035,0.14
32.8,-0.035,0.14
32.85,-0.052,0.157
32.9,-0.052,0.157
32.95,-0.052,0.157
33,-0.035,0.157
33.05,-0.035,0.157
33.1,-0.017,0.157
33.15,0,0.14
33.2,0.017,0.14
33.25,0.035,0.122
33.3,0.035,0.105
33.35,0.052,0.105
33.4,0.052,0.087
33.45,0.07,0.087
33.5,0.07,0.07
33.55,0.052,0.07
33.6,0.052,0.07
33.65,0.035,0.07
33.7,0.035,0.087
33.75,0.017,0.087
33.8,0,0.105
33.85,-0.017,0.122
33.9,-0.035,0.122
33.95,-0.035,0.14
34,-0.052,0.157
34.05,-0.052,0.157
34.1,-0.052,0.157
34.15,-0.035,0.157
34.2,-0.035,0.157
34.25,-0.017,0.157
34.3,0,0.14
34.35,0.017,0.14
34.4,0.017,0.122
34.45,0.035,0.122
34.5,0.052,0.105
34.55,0.052,0.087
34.6,0.07,0.087
34.65,0.07,0.07
34.7,0.052,0.07
34.75,0.052,0.07
34.8,0.035,0.087
34.85,0.035,0.087
34.9,0.017,0.087
34.95,0,0.105
35,-0.017,0.122
35.05,-0.035,0.122
35.1,-0.035,0.14
35.15,-0.052,0.157
35.2,-0.052,0.157
35.25,-0.052,0.157
35.3,-0.035,0.157
35.35,-0.035,0.157
35.4,-0.017,0.157
35.45,0,0.14
35.5,0,0.14
35.55,0.017,0.122
35.6,0.035,0.122
35.65,0.052,0.105
35.7,0.052,0.087
35.75,0.07,0.087
35.8,0.07,0.087
35.85,0.07,0.07
35.9,0.052,0.07
35.95,0.052,0.087
36,0.035,0.087
36.05,0.017,0.087
36.1,0,0.105
36.15,-0.017,0.122
36.2,-0.017,0.122
36.25,-0.035,0.14
36.3,-0.052,0.14
36.35,-0.052,0.157
36.4,-0.052,0.157
36.45,-0.035,0.157
36.5,-0.035,0.157
36.55,-0.017,0.157
36.6,-0.017,0.14
36.65,0,0.14
36.7,0.017,0.122
36.75,0.035,0.122
36.8,0.052,0.105
36.85,0.052,0.087
36.9,0.07,0.087
36.95,0.07,0.087
37,0.07,0.07
37.05,0.052,0.07
37.1,0.052,0.087
37.15,0.035,0.087
37.2,0.017,0.087
37.25,0,0.105
37.3,-0.017,0.122
37.35,-0.017,0.122
37.4,-0.035,0.14
37.45,-0.035,0.14
37.5,-0.052,0.157
37.55,-0.052,0.157
37.6,-0.052,0.157
37.65,-0.035,0.157
37.7,-0.017,0.157
37.75,-0.017,0.14
37.8,0,0.14
37.85,0.017,0.122
37.9,0.035,0.122
37.95,0.052,0.105
38,0.052,0.105
38.05,0.07,0.087
38.1,0.07,0.087
38.15,0.07,0.087
38.2,0.052,0.087
38.25,0.052,0.087
38.3,0.035,0.087
38.35,0.017,0.087
38.4,0,0.105
38.45,-0.017,0.122
38.5,-0.017,0.122
38.55,-0.035,0.14
38.6,-0.035,0.14
38.65,-0.052,0.157
38.7,-0.052,0.157
38.75,-0.052,0.157
38.8,-0.035,0.157
38.85,-0.035,0.157
38.9,-0.017,0.14
38.95,0,0.14
39,0.017,0.122
39.05,0.035,0.122
39.1,0.052,0.105
39.15,0.052,0.105
39.2,0.07,0.087
39.25,0.07,0.087
39.3,0.07,0.087
39.35,0.052,0.087
39.4,0.052,0.087
39.45,0.035,0.087
39.5,0.017,0.087
39.55,0,0.105
39.6,0,0.122
39.65,-0.017,0.122
39.7,-0.035,0.14
39.75,-0.035,0.14
39.8,-0.052,0.157
39.85,-0.052,0.157
39.9,-0.052,0.157
39.95,-0.035,0.157
40,-0.035,0.157
40.05,-0.017,0.14
40.1,0,0.14
40.15,0.017,0.122
40.2,0.035,0.122
40.25,0.035,0.105
40.3,0.052,0.105
40.35,0.052,0.087
40.4,0.07,0.087
40.45,0.07,0.087
40.5,0.052,0.087
40.55,0.052,0.087
40.6,0.035,0.087
40.65,0.017,0.087
40.7,0.017,0.105
40.75,0,0.105
40.8,-0.017,0.122
40.85,-0.035,0.14
40.9,-0.035,0.14
40.95,-0.052,0.157
41,-0.052,0.157
41.05,-0.052,0.157
41.1,-0.035,0.157
41.15,-0.035,0.157
41.2,-0.017,0.14
41.25,0,0.14
41.3,0.017,0.122
41.35,0.035,0.122
41.4,0.035,0.105
41.45,0.052,0.105
41.5,0.052,0.087
41.55,0.07,0.087
41.6,0.07,0.087
41.65,0.052,0.087
41.7,0.052,0.087
41.75,0.035,0.087
41.8,0.035,0.087
41.85,0.017,0.105
41.9,0,0.105
41.95,-0.017,0.122
42,-0.035,0.14
42.05,-0.035,0.14
42.1,-0.052,0.14
42.15,-0.052,0.157
42.2,-0.052,0.157
42.25,-0.035,0.157
42.3,-0.035,0.157
42.35,-0.017,0.14
42.4,0,0.14
42.45,0.017,0.122
42.5,0.017,0.122
42.55,0.035,0.105
42.6,0.052,0.105
42.65,0.052,0.087
42.7,0.07,0.087
42.75,0.07,0.087
42.8,0.052,0.087
42.85,0.052,0.087
42.9,0.035,0.087
42.95,0.035,0.087
43,0.017,0.105
43.05,0,0.105
43.1,-0.017,0.122
43.15,-0.035,0.14
43.2,-0.035,0.14
43.25,-0.052,0.14
43.3,-0.052,0.157
43.35,-0.052,0.157
43.4,-0.035,0.157
43.45,-0.035,0.157
43.5,-0.017,0.14
43.55,0,0.14
43.6,0,0.122
43.65,0.017,0.122
43.7,0.035,0.105
43.75,0.052,0.105
43.8,0.052,0.087
43.85,0.07,0.087
43.9,0.07,0.087
43.95,0.07,0.087
44,0.052,0.087
44.05,0.052,0.087
44.1,0.035,0.087
44.15,0.017,0.105
44.2,0,0.105
44.25,-0.017,0.122
44.3,-0.035,0.122
44.35,-0.035,0.14
44.4,-0.052,0.14
44.45,-0.052,0.157
44.5,-0.052,0.157
44.55,-0.035,0.157
44.6,-0.035,0.157
44.65,-0.017,0.14
44.7,0,0.14
44.75,0,0.122
44.8,0.017,0.122
44.85,0.035,0.105
44.9,0.052,0.105
44.95,0.052,0.087
45,0.07,0.087
45.05,0.07,0.087
45.1,0.07,0.087
45.15,0.052,0.087
45.2,0.052,0.087
45.25,0.035,0.087
45.3,0.017,0.105
45.35,0,0.105
45.4,-0.017,0.122
45.45,-0.017,0.122
45.5,-0.035,0.14
45.55,-0.035,0.14
45.6,-0.052,0.157
45.65,-0.052,0.157
45.7,-0.035,0.157
45.75,-0.035,0.157
45.8,-0.017,0.14
45.85,-0.017,0.14
45.9,0,0.122
45.95,0.017,0.122
46,0.035,0.105
46.05,0.052,0.105
46.1,0.052,0.105
46.15,0.07,0.087
46.2,0.07,0.087
46.25,0.07,0.087
46.3,0.052,0.087
46.35,0.052,0.087
46.4,0.035,0.087
46.45,0.017,0.105
46.5,0,0.105
46.55,-0.017,0.122
46.6,-0.017,0.122
46.65,-0.035,0.14
46.7,-0.035,0.14
46.75,-0.052,0.14
46.8,-0.052,0.157
46.85,-0.052,0.157
46.9,-0.035,0.157
46.95,-0.017,0.14
47,-0.017,0.14
47.05,0,0.122
47.1,0.017,0.122
47.15,0.035,0.105
47.2,0.052,0.105
47.25,0.052,0.105
47.3,0.052,0.087
47.35,0.07,0.087
47.4,0.07,0.087
47.45,0.052,0.087
47.5,0.052,0.087
47.55,0.035,0.087
47.6,0.017,0.105
47.65,0,0.105
47.7,0,0.122
47.75,-0.017,0.122
47.8,-0.035,0.14
47.85,-0.035,0.14
47.9,-0.052,0.14
47.95,-0.052,0.157
48,-0.052,0.157
48.05,-0.035,0.14
48.1,-0.035,0.14
48.15,-0.017,0.14
48.2,0,0.122
48.25,0.017,0.122
48.3,0.035,0.122
48.35,0.035,0.105
48.4,0.052,0.105
48.45,0.052,0.087
48.5,0.07,0.087
48.55,0.07,0.087
48.6,0.052,0.087
48.65,0.052,0.087
48.7,0.035,0.105
48.75,0.017,0.105
48.8,0.017,0.105
48.85,0,0.122
48.9,-0.017,0.122
48.95,-0.035,0.14
49,-0.035,0.14
49.05,-0.052,0.14
49.1,-0.052,0.157
49.15,-0.052,0.157
49.2,-0.035,0.14
49.25,-0.035,0.14
49.3,-0.017,0.14
49.35,0,0.122
49.4,0.017,0.122
49.45,0.035,0.122
49.5,0.035,0.105
49.55,0.052,0.105
49.6,0.052,0.087
49.65,0.07,0.087
49.7,0.07,0.087
49.75,0.052,0.087
49.8,0.052,0.087
49.85,0.035,0.105
49.9,0.035,0.105
49.95,0.017,0.105
50,0,0.122
50.05,-0.017,0.122
50.1,-0.035,0.14
50.15,-0.035,0.14
50.2,-0.052,0.14
50.25,-0.052,0.14
50.3,-0.052,0.157
50.35,-0.035,0.14
50.4,-0.035,0.14
50.45,-0.017,0.14
50.5,0,0.122
50.55,0.017,0.122
50.6,0.017,0.122
50.65,0.035,0.105
50.7,0.052,0.105
50.75,0.052,0.087
50.8,0.07,0.087
50.85,0.07,0.087
50.9,0.052,0.087
50.95,0.052,0.087
51,0.035,0.105
51.05,0.035,0.105
51.1,0.017,0.105
51.15,0,0.122
51.2,-0.017,0.122
51.25,-0.035,0.14
51.3,-0.035,0.14
51.35,-0.052,0.14
51.4,-0.052,0.14
51.45,-0.052,0.14
51.5,-0.035,0.14
51.55,-0.035,0.14
51.6,-0.017,0.14
51.65,0,0.122
51.7,0,0.122
51.75,0.017,0.122
51.8,0.035,0.105
51.85,0.052,0.105
51.9,0.052,0.087
51.95,0.07,0.087
52,0.07,0.087
52.05,0.052,0.087
52.1,0.052,0.087
52.15,0.035,0.105
52.2,0.035,0.105
52.25,0.017,0.105
52.3,0,0.122
52.35,-0.017,0.122
52.4,-0.017,0.14
52.45,-0.035,0.14
52.5,-0.035,0.14
52.55,-0.052,0.14
52.6,-0.052,0.14
52.65,-0.035,0.14
52.7,-0.035,0.14
52.75,-0.017,0.14
52.8,0,0.122
52.85,0,0.122
52.9,0.017,0.122
52.95,0.035,0.105
53,0.052,0.105
53.05,0.052,0.087
53.1,0.052,0.087
53.15,0.07,0.087
53.2,0.052,0.087
53.25,0.052,0.087
53.3,0.052,0.105
53.35,0.035,0.105
53.4,0.017,0.105
53.45,0,0.122
53.5,-0.017,0.122
53.55,-0.017,0.14
53.6,-0.035,0.14
53.65,-0.035,0.14
53.7,-0.052,0.14
53.75,-0.052,0.14
53.8,-0.035,0.14
53.85,-0.035,0.14
53.9,-0.017,0.14
53.95,-0.017,0.122
54,0,0.122
54.05,0.017,0.122
54.1,0.035,0.105
54.15,0.052,0.105
54.2,0.052,0.087
54.25,0.052,0.087
54.3,0.07,0.087
54.35,0.052,0.087
54.4,0.052,0.087
54.45,0.052,0.105
54.5,0.035,0.105
54.55,0.017,0.105
54.6,0,0.122
54.65,-0.017,0.122
54.7,-0.017,0.14
54.75,-0.035,0.14
54.8,-0.035,0.14
54.85,-0.052,0.14
54.9,-0.052,0.14
54.95,-0.035,0.14
55,-0.035,0.14
55.05,-0.017,0.14
55.1,-0.017,0.122
55.15,0,0.122
55.2,0.017,0.122
55.25,0.035,0.105
55.3,0.035,0.105
55.35,0.052,0.105
55.4,0.052,0.087
55.45,0.07,0.087
55.5,0.052,0.087
55.55,0.052,0.087
55.6,0.052,0.105
55.65,0.035,0.105
55.7,0.017,0.105
55.75,0,0.122
55.8,0,0.122
55.85,-0.017,0.14
55.9,-0.035,0.14
55.95,-0.035,0.14
56,-0.052,0.14
56.05,-0.052,0.14
56.1,-0.035,0.14
56.15,-0.035,0.14
56.2,-0.035,0.14
56.25,-0.017,0.122
56.3,0,0.122
56.35,0.017,0.122
56.4,0.035,0.105
56.45,0.035,0.105
56.5,0.052,0.105
56.55,0.052,0.087
56.6,0.052,0.087
56.65,0.052,0.087
56.7,0.052,0.087
56.75,0.052,0.105
56.8,0.035,0.105
56.85,0.017,0.105
56.9,0.017,0.122
56.95,0,0.122
57,-0.017,0.14
57.05,-0.035,0.14
57.1,-0.035,0.14
57.15,-0.035,0.14
57.2,-0.052,0.14
57.25,-0.035,0.14
57.3,-0.035,0.14
57.35,-0.035,0.14
57.4,-0.017,0.122
57.45,0,0.122
57.5,0.017,0.122
57.55,0.035,0.105
57.6,0.035,0.105
57.65,0.052,0.105
57.7,0.052,0.087
57.75,0.052,0.087
57.8,0.052,0.087
57.85,0.052,0.087
57.9,0.052,0.105
57.95,0.035,0.105
58,0.017,0.105
58.05,0.017,0.122
58.1,0,0.122
58.15,-0.017,0.14
58.2,-0.035,0.14
58.25,-0.035,0.14
58.3,-0.035,0.14
58.35,-0.052,0.14
58.4,-0.035,0.14
58.45,-0.035,0.14
58.5,-0.035,0.14
58.55,-0.017,0.122
58.6,0,0.122
58.65,0.017,0.122
58.7,0.017,0.105
58.75,0.035,0.105
58.8,0.052,0.105
58.85,0.052,0.087
58.9,0.052,0.087
58.95,0.052,0.087
59,0.052,0.087
59.05,0.052,0.105
59.1,0.035,0.105
59.15,0.035,0.105
59.2,0.017,0.122
59.25,0,0.122
59.3,-0.017,0.14
59.35,-0.017,0.14
59.4,-0.035,0.14
59.45,-0.035,0.14
59.5,-0.052,0.14
59.55,-0.035,0.14
59.6,-0.035,0.14
59.65,-0.035,0.14
59.7,-0.017,0.122
59.75,0,0.122
59.8,0,0.122
59.85,0.017,0.105
59.9,0.035,0.105
59.95,0.052,0.105
60,0.052,0.087
60.05,0.052,0.087
60.1,0.052,0.087
60.15,0.052,0.087
60.2,0.052,0.105
60.25,0.035,0.105
60.3,0.035,0.105
60.35,0.017,0.122
60.4,0,0.122
60.45,-0.017,0.14
60.5,-0.017,0.14
60.55,-0.035,0.14
60.6,-0.035,0.14
60.65,-0.035,0.14
60.7,-0.035,0.14
60.75,-0.035,0.14
60.8,-0.035,0.14
60.85,-0.017,0.122
60.9,0,0.122
60.95,0,0.122
61,0.017,0.105
61.05,0.035,0.105
61.1,0.052,0.105
61.15,0.052,0.087
61.2,0.052,0.087
61.25,0.052,0.087
61.3,0.052,0.087
61.35,0.052,0.105
61.4,0.035,0.105
61.45,0.035,0.105
61.5,0.017,0.122
61.55,0,0.122
61.6,-0.017,0.122
61.65,-0.017,0.14
61.7,-0.035,0.14
61.75,-0.035,0.14
61.8,-0.035,0.14
61.85,-0.035,0.14
61.9,-0.035,0.14
61.95,-0.035,0.14
62,-0.017,0.122
62.05,-0.017,0.122
62.1,0,0.122
62.15,0.017,0.105
62.2,0.035,0.105
62.25,0.035,0.105
62.3,0.052,0.087
62.35,0.052,0.087
62.4,0.052,0.087
62.45,0.052,0.087
62.5,0.052,0.105
62.55,0.035,0.105
62.6,0.035,0.105
62.65,0.017,0.122
62.7,0,0.122
62.75,0,0.122
62.8,-0.017,0.14
62.85,-0.035,0.14
62.9,-0.035,0.14
62.95,-0.035,0.14
63,-0.035,0.14
63.05,-0.035,0.14
63.1,-0.035,0.14
63.15,-0.017,0.122
63.2,-0.017,0.122
63.25,0,0.122
63.3,0.017,0.105
63.35,0.035,0.105
63.4,0.035,0.105
63.45,0.052,0.087
63.5,0.052,0.087
63.55,0.052,0.087
63.6,0.052,0.087
63.65,0.052,0.105
63.7,0.052,0.105
63.75,0.035,0.105
63.8,0.017,0.122
63.85,0,0.122
63.9,0,0.122
63.95,-0.017,0.14
64,-0.035,0.14
64.05,-0.035,0.14
64.1,-0.035,0.14
64.15,-0.035,0.14
64.2,-0.035,0.14
64.25,-0.035,0.14
64.3,-0.017,0.122
64.35,-0.017,0.122
64.4,0,0.122
64.45,0.017,0.105
64.5,0.035,0.105
64.55,0.035,0.105
64.6,0.052,0.087
64.65,0.052,0.087
64.7,0.052,0.087
64.75,0.052,0.087
64.8,0.052,0.105
64.85,0.052,0.105
64.9,0.035,0.105
64.95,0.017,0.122
65,0.017,0.122
65.05,0,0.122
65.1,-0.017,0.14
65.15,-0.035,0.14
65.2,-0.035,0.14
65.25,-0.035,0.14
65.3,-0.035,0.14
65.35,-0.035,0.14
65.4,-0.035,0.14
65.45,-0.017,0.122
65.5,-0.017,0.122
65.55,0,0.122
65.6,0.017,0.105
65.65,0.017,0.105
65.7,0.035,0.105
65.75,0.052,0.087
65.8,0.052,0.087
65.85,0.052,0.087
65.9,0.052,0.087
65.95,0.052,0.105
66,0.052,0.105
66.05,0.035,0.105
66.1,0.017,0.122
66.15,0.017,0.122
66.2,0,0.122
66.25,-0.017,0.14
66.3,-0.017,0.14
66.35,-0.035,0.14
66.4,-0.035,0.14
66.45,-0.035,0.14
66.5,-0.035,0.14
66.55,-0.035,0.14
66.6,-0.035,0.122
66.65,-0.017,0.122
66.7,0,0.122
66.75,0.017,0.105
66.8,0.017,0.105
66.85,0.035,0.105
66.9,0.052,0.087
66.95,0.052,0.087
67,0.052,0.087
67.05,0.052,0.087
67.1,0.052,0.105
67.15,0.052,0.105
67.2,0.035,0.105
67.25,0.017,0.122
67.3,0.017,0.122
67.35,0,0.122
67.4,-0.017,0.14
67.45,-0.017,0.14
67.5,-0.035,0.14
67.55,-0.035,0.14
67.6,-0.035,0.14
67.65,-0.035,0.14
67.7,-0.035,0.14
67.75,-0.035,0.122
67.8,-0.017,0.122
67.85,0,0.122
67.9,0,0.105
67.95,0.017,0.105
68,0.035,0.105
68.05,0.035,0.087
68.1,0.052,0.087
68.15,0.052,0.087
68.2,0.052,0.087
68.25,0.052,0.105
68.3,0.052,0.105
68.35,0.035,0.105
68.4,0.035,0.122
68.45,0.017,0.122
68.5,0,0.122
68.55,-0.017,0.14
68.6,-0.017,0.14
68.65,-0.035,0.14
68.7,-0.035,0.14
68.75,-0.035,0.14
68.8,-0.035,0.14
68.85,-0.035,0.14
68.9,-0.035,0.14
68.95,-0.017,0.122
69,0,0.122
69.05,0,0.105
69.1,0.017,0.105
69.15,0.035,0.105
69.2,0.035,0.087
69.25,0.052,0.087
69.3,0.052,0.087
69.35,0.052,0.087
69.4,0.052,0.105
69.45,0.052,0.105
69.5,0.035,0.105
69.55,0.035,0.122
69.6,0.017,0.122
69.65,0,0.122
69.7,0,0.14
69.75,-0.017,0.14
69.8,-0.035,0.14
69.85,-0.035,0.14
69.9,-0.035,0.14
69.95,-0.035,0.14
70,-0.035,0.14
70.05,-0.035,0.14
70.1,-0.017,0.122
70.15,0,0.122
70.2,0,0.105
70.25,0.017,0.105
70.3,0.035,0.105
70.35,0.035,0.087
70.4,0.052,0.087
70.45,0.052,0.087
70.5,0.052,0.087
70.55,0.052,0.105
70.6,0.052,0.105
70.65,0.035,0.105
70.7,0.035,0.122
70.75,0.017,0.122
70.8,0,0.122
70.85,0,0.14
70.9,-0.017,0.14
70.95,-0.035,0.14
71,-0.035,0.14
71.05,-0.035,0.14
71.1,-0.035,0.14
71.15,-0.035,0.14
71.2,-0.035,0.14
71.25,-0.017,0.122
71.3,-0.017,0.122
71.35,0,0.105
71.4,0.017,0.105
71.45,0.035,0.105
71.5,0.035,0.087
71.55,0.052,0.087
71.6,0.052,0.087
71.65,0.052,0.087
71.7,0.052,0.105
71.75,0.052,0.105
71.8,0.035,0.105
71.85,0.035,0.122
71.9,0.017,0.122
71.95,0,0.122
72,0,0.14
72.05,-0.017,0.14
72.1,-0.017,0.14
72.15,-0.035,0.14
72.2,-0.035,0.14
72.25,-0.035,0.14
72.3,-0.035,0.14
72.35,-0.035,0.14
72.4,-0.017,0.122
72.45,-0.017,0.122
72.5,0,0.105
72.55,0.017,0.105
72.6,0.017,0.105
72.65,0.035,0.105
72.7,0.052,0.087
72.75,0.052,0.087
72.8,0.052,0.087
72.85,0.052,0.105
72.9,0.052,0.105
72.95,0.035,0.105
73,0.035,0.122
73.05,0.017,0.122
73.1,0.017,0.122
73.15,0,0.14
73.2,-0.017,0.14
73.25,-0.017,0.14
73.3,-0.035,0.14
73.35,-0.035,0.14
73.4,-0.035,0.14
73.45,-0.035,0.14
73.5,-0.035,0.14
73.55,-0.017,0.122
73.6,-0.017,0.122
73.65,0,0.105
73.7,0.017,0.105
73.75,0.017,0.105
73.8,0.035,0.105
73.85,0.035,0.087
73.9,0.052,0.087
73.95,0.052,0.087
74,0.052,0.105
74.05,0.052,0.105
74.1,0.035,0.105
74.15,0.035,0.122
74.2,0.017,0.122
74.25,0.017,0.122
74.3,0,0.14
74.35,-0.017,0.14
74.4,-0.017,0.14
74.45,-0.035,0.14
74.5,-0.035,0.14
74.55,-0.035,0.14
74.6,-0.035,0.14
74.65,-0.035,0.14
74.7,-0.017,0.122
74.75,-0.017,0.122
74.8,0,0.105
74.85,0.017,0.105
74.9,0.017,0.105
74.95,0.035,0.105
75,0.035,0.087
75.05,0.052,0.087
75.1,0.052,0.087
75.15,0.052,0.105
75.2,0.052,0.105
75.25,0.035,0.105
75.3,0.035,0.105
75.35,0.017,0.122
75.4,0.017,0.122
75.45,0,0.14
75.5,-0.017,0.14
75.55,-0.017,0.14
75.6,-0.035,0.14
75.65,-0.035,0.14
75.7,-0.035,0.14
75.75,-0.035,0.14
75.8,-0.035,0.14
75.85,-0.017,0.122
75.9,-0.017,0.122
75.95,0,0.122
76,0,0.105
76.05,0.017,0.105
76.1,0.035,0.105
76.15,0.035,0.087
76.2,0.052,0.087
76.25,0.052,0.087
76.3,0.052,0.105
76.35,0.052,0.105
76.4,0.035,0.105
76.45,0.035,0.105
76.5,0.017,0.122
76.55,0.017,0.122
76.6,0,0.14
76.65,0,0.14
76.7,-0.017,0.14
76.75,-0.035,0.14
76.8,-0.035,0.14
76.85,-0.035,0.14
76.9,-0.035,0.14
76.95,-0.035,0.14
77,-0.017,0.122
77.05,-0.017,0.122
77.1,0,0.122
77.15,0,0.105
77.2,0.017,0.105
77.25,0.035,0.105
77.3,0.035,0.087
77.35,0.052,0.087
77.4,0.052,0.087
77.45,0.052,0.087
77.5,0.052,0.105
77.55,0.052,0.105
77.6,0.035,0.105
77.65,0.035,0.122
77.7,0.017,0.122
77.75,0,0.14
77.8,0,0.14
77.85,-0.017,0.14
77.9,-0.017,0.14
77.95,-0.035,0.14
78,-0.035,0.14
78.05,-0.035,0.14
78.1,-0.035,0.14
78.15,-0.017,0.122
78.2,-0.017,0.122
78.25,0,0.122
78.3,0,0.105
78.35,0.017,0.105
78.4,0.035,0.105
78.45,0.035,0.087
78.5,0.035,0.087
78.55,0.052,0.087
78.6,0.052,0.087
78.65,0.052,0.105
78.7,0.052,0.105
78.75,0.035,0.105
78.8,0.035,0.122
78.85,0.017,0.122
78.9,0,0.14
78.95,0,0.14
79,-0.017,0.14
79.05,-0.017,0.14
79.1,-0.035,0.14
79.15,-0.035,0.14
79.2,-0.035,0.14
79.25,-0.035,0.14
79.3,-0.017,0.122
79.35,-0.017,0.122
79.4,0,0.122
79.45,0,0.105
79.5,0.017,0.105
79.55,0.017,0.105
79.6,0.035,0.087
79.65,0.035,0.087
79.7,0.052,0.087
79.75,0.052,0.087
79.8,0.052,0.105
79.85,0.052,0.105
79.9,0.035,0.105
79.95,0.035,0.122
80,0.017,0.122
80.05,0,0.14
80.1,0,0.14
80.15,-0.017,0.14
80.2,-0.017,0.14
80.25,-0.035,0.14
80.3,-0.035,0.14
80.35,-0.035,0.14
80.4,-0.035,0.14
80.45,-0.017,0.122
80.5,-0.017,0.122
80.55,0,0.122
80.6,0,0.105
80.65,0.017,0.105
80.7,0.017,0.105
80.75,0.035,0.087
80.8,0.035,0.087
80.85,0.052,0.087
80.9,0.052,0.087
80.95,0.052,0.105
81,0.052,0.105
81.05,0.035,0.105
81.1,0.035,0.122
81.15,0.017,0.122
81.2,0.017,0.14
81.25,0,0.14
81.3,-0.017,0.14
81.35,-0.017,0.14
81.4,-0.035,0.14
81.45,-0.035,0.14
81.5,-0.035,0.14
81.55,-0.035,0.14
81.6,-0.017,0.122
81.65,-0.017,0.122
81.7,-0.017,0.122
81.75,0,0.105
81.8,0.017,0.105
81.85,0.017,0.105
81.9,0.035,0.087
81.95,0.035,0.087
82,0.052,0.087
82.05,0.052,0.087
82.1,0.052,0.105
82.15,0.052,0.105
82.2,0.035,0.105
82.25,0.035,0.122
82.3,0.017,0.122
82.35,0.017,0.122
82.4,0,0.14
82.45,-0.017,0.14
82.5,-0.017,0.14
82.55,-0.017,0.14
82.6,-0.035,0.14
82.65,-0.035,0.14
82.7,-0.035,0.14
82.75,-0.017,0.122
82.8,-0.017,0.122
82.85,-0.017,0.122
82.9,0,0.105
82.95,0.017,0.105
83,0.017,0.105
83.05,0.035,0.087
83.1,0.035,0.087
83.15,0.035,0.087
83.2,0.052,0.087
83.25,0.052,0.105
83.3,0.052,0.105
83.35,0.035,0.105
83.4,0.035,0.122
83.45,0.017,0.122
83.5,0.017,0.122
83.55,0,0.14
83.6,0,0.14
83.65,-0.017,0.14
83.7,-0.017,0.14
83.75,-0.035,0.14
83.8,-0.035,0.14
83.85,-0.035,0.14
83.9,-0.017,0.14
83.95,-0.017,0.122
84,-0.017,0.122
84.05,0,0.105
84.1,0.017,0.105
84.15,0.017,0.105
84.2,0.035,0.087
84.25,0.035,0.087
84.3,0.035,0.087
84.35,0.052,0.087
84.4,0.052,0.105
84.45,0.052,0.105
84.5,0.035,0.105
84.55,0.035,0.122
84.6,0.017,0.122
84.65,0.017,0.122
84.7,0,0.14
84.75,0,0.14
84.8,-0.017,0.14
84.85,-0.017,0.14
84.9,-0.035,0.14
84.95,-0.035,0.14
85,-0.035,0.14
85.05,-0.017,0.14
85.1,-0.017,0.122
85.15,-0.017,0.122
85.2,0,0.105
85.25,0,0.105
85.3,0.017,0.105
85.35,0.035,0.087
85.4,0.035,0.087
85.45,0.035,0.087
85.5,0.052,0.087
85.55,0.052,0.105
85.6,0.052,0.105
85.65,0.035,0.105
85.7,0.035,0.122
85.75,0.017,0.122
85.8,0.017,0.122
85.85,0,0.14
85.9,0,0.14
85.95,-0.017,0.14
86,-0.017,0.14
86.05,-0.035,0.14
86.1,-0.035,0.14
86.15,-0.035,0.14
86.2,-0.017,0.14
86.25,-0.017,0.122
86.3,-0.017,0.122
86.35,0,0.105
86.4,0,0.105
86.45,0.017,0.105
86.5,0.017,0.087
86.55,0.035,0.087
86.6,0.035,0.087
86.65,0.035,0.087
86.7,0.052,0.105
86.75,0.035,0.105
86.8,0.035,0.105
86.85,0.035,0.122
86.9,0.017,0.122
86.95,0.017,0.122
87,0,0.14
87.05,0,0.14
87.1,-0.017,0.14
87.15,-0.017,0.14
87.2,-0.017,0.14
87.25,-0.035,0.14
87.3,-0.035,0.14
87.35,-0.017,0.14
87.4,-0.017,0.122
87.45,-0.017,0.122
87.5,0,0.105
87.55,0,0.105
87.6,0.017,0.105
87.65,0.017,0.087
87.7,0.035,0.087
87.75,0.035,0.087
87.8,0.035,0.087
87.85,0.052,0.087
87.9,0.035,0.105
87.95,0.035,0.105
88,0.035,0.105
88.05,0.017,0.122
88.1,0.017,0.122
88.15,0,0.14
88.2,0,0.14
88.25,-0.017,0.14
88.3,-0.017,0.14
88.35,-0.017,0.14
88.4,-0.035,0.14
88.45,-0.035,0.14
88.5,-0.017,0.14
88.55,-0.017,0.122
88.6,-0.017,0.122
88.65,0,0.122
88.7,0,0.105
88.75,0.017,0.105
88.8,0.017,0.105
88.85,0.035,0.087
88.9,0.035,0.087
88.95,0.035,0.087
89,0.035,0.087
89.05,0.035,0.105
89.1,0.035,0.105
89.15,0.035,0.105
89.2,0.035,0.122
89.25,0.017,0.122
89.3,0,0.14
89.35,0,0.14
89.4,-0.017,0.14
89.45,-0.017,0.14
89.5,-0.017,0.14
89.55,-0.017,0.14
89.6,-0.035,0.14
89.65,-0.017,0.14
89.7,-0.017,0.122
89.75,-0.017,0.122
89.8,0,0.122
89.85,0,0.105
89.9,0.017,0.105
89.95,0.017,0.105
90,0.035,0.087
90.05,0.035,0.087
90.1,0.035,0.087
90.15,0.035,0.087
90.2,0.035,0.105
90.25,0.035,0.105
90.3,0.035,0.105
90.35,0.035,0.122
90.4,0.017,0.122
90.45,0.017,0.14
90.5,0,0.14
90.55,-0.017,0.14
90.6,-0.017,0.14
90.65,-0.017,0.14
90.7,-0.017,0.14
90.75,-0.035,0.14
90.8,-0.017,0.14
90.85,-0.017,0.122
90.9,-0.017,0.122
90.95,0,0.122
91,0,0.105
91.05,0.017,0.105
91.1,0.017,0.105
91.15,0.035,0.087
91.2,0.035,0.087
91.25,0.035,0.087
91.3,0.035,0.087
91.35,0.035,0.105
91.4,0.035,0.105
91.45,0.035,0.105
91.5,0.035,0.122
91.55,0.017,0.122
91.6,0.017,0.14
91.65,0,0.14
91.7,0,0.14
91.75,-0.017,0.14
91.8,-0.017,0.14
91.85,-0.017,0.14
91.9,-0.017,0.14
91.95,-0.017,0.14
92,-0.017,0.122
92.05,-0.017,0.122
92.1,0,0.122
92.15,0,0.105
92.2,0.017,0.105
92.25,0.017,0.105
92.3,0.035,0.087
92.35,0.035,0.087
92.4,0.035,0.087
92.45,0.035,0.087
92.5,0.035,0.105
92.55,0.035,0.105
92.6,0.035,0.105
92.65,0.035,0.122
92.7,0.017,0.122
92.75,0.017,0.122
92.8,0,0.14
92.85,0,0.14
92.9,-0.017,0.14
92.95,-0.017,0.14
93,-0.017,0.14
93.05,-0.017,0.14
93.1,-0.017,0.14
93.15,-0.017,0.122
93.2,-0.017,0.122
93.25,0,0.122
93.3,0,0.105
93.35,0.017,0.105
93.4,0.017,0.105
93.45,0.017,0.087
93.5,0.035,0.087
93.55,0.035,0.087
93.6,0.035,0.087
93.65,0.035,0.105
93.7,0.035,0.105
93.75,0.035,0.105
93.8,0.035,0.122
93.85,0.017,0.122
93.9,0.017,0.122
93.95,0,0.14
94,0,0.14
94.05,-0.017,0.14
94.1,-0.017,0.14
94.15,-0.017,0.14
94.2,-0.017,0.14
94.25,-0.017,0.14
94.3,-0.017,0.14
94.35,-0.017,0.122
94.4,-0.017,0.122
94.45,0,0.105
94.5,0,0.105
94.55,0.017,0.105
94.6,0.017,0.087
94.65,0.035,0.087
94.7,0.035,0.087
94.75,0.035,0.087
94.8,0.035,0.105
94.85,0.035,0.105
94.9,0.035,0.105
94.95,0.035,0.122
95,0.017,0.122
95.05,0.017,0.122
95.1,0,0.14
95.15,0,0.14
95.2,-0.017,0.14
95.25,-0.017,0.14
95.3,-0.017,0.14
95.35,-0.017,0.14
95.4,-0.017,0.14
95.45,-0.017,0.14
95.5,-0.017,0.122
95.55,-0.017,0.122
95.6,0,0.105
95.65,0,0.105
95.7,0.017,0.105
95.75,0.017,0.087
95.8,0.035,0.087
95.85,0.035,0.087
95.9,0.035,0.087
95.95,0.035,0.105
96,0.035,0.105
96.05,0.035,0.105
96.1,0.035,0.122
96.15,0.017,0.122
96.2,0.017,0.122
96.25,0,0.14
96.3,0,0.14
96.35,-0.017,0.14
96.4,-0.017,0.14
96.45,-0.017,0.14
96.5,-0.017,0.14
96.55,-0.017,0.14
96.6,-0.017,0.14
96.65,-0.017,0.122
96.7,-0.017,0.122
96.75,0,0.105
96.8,0,0.105
96.85,0.017,0.105
96.9,0.017,0.087
96.95,0.035,0.087
97,0.035,0.087
97.05,0.035,0.087
97.1,0.035,0.105
97.15,0.035,0.105
97.2,0.035,0.105
97.25,0.035,0.122
97.3,0.017,0.122
97.35,0.017,0.122
97.4,0,0.14
97.45,0,0.14
97.5,-0.017,0.14
97.55,-0.017,0.14
97.6,-0.017,0.14
97.65,-0.017,0.14
97.7,-0.017,0.14
97.75,-0.017,0.14
97.8,-0.017,0.122
97.85,-0.017,0.122
97.9,0,0.122
97.95,0,0.105
98,0.017,0.105
98.05,0.017,0.105
98.1,0.035,0.087
98.15,0.035,0.087
98.2,0.035,0.087
98.25,0.035,0.087
98.3,0.035,0.105
98.35,0.035,0.105
98.4,0.035,0.105
98.45,0.017,0.122
98.5,0.017,0.122
98.55,0,0.14
98.6,0,0.14
98.65,0,0.14
98.7,-0.017,0.14
98.75,-0.017,0.14
98.8,-0.017,0.14
98.85,-0.017,0.14
98.9,-0.017,0.14
98.95,-0.017,0.122
99,-0.017,0.122
99.05,0,0.122
99.1,0,0.105
99.15,0.017,0.105
99.2,0.017,0.105
99.25,0.035,0.087
99.3,0.035,0.087
99.35,0.035,0.087
99.4,0.035,0.087
99.45,0.035,0.105
99.5,0.035,0.105
99.55,0.035,0.105
99.6,0.017,0.122
99.65,0.017,0.122
99.7,0,0.14
99.75,0,0.14
99.8,0,0.14
99.85,-0.017,0.14
99.9,-0.017,0.14
99.95,-0.017,0.14
100,-0.017,0.14
100.05,-0.017,0.14
100.1,-0.017,0.122
100.15,-0.017,0.122
100.2,0,0.122
100.25,0,0.105
100.3,0.017,0.105
100.35,0.017,0.105
100.4,0.017,0.087
100.45,0.035,0.087
100.5,0.035,0.087
100.55,0.035,0.087
100.6,0.035,0.105
100.65,0.035,0.105
100.7,0.035,0.105
100.75,0.017,0.122
100.8,0.017,0.122
100.85,0.017,0.14
100.9,0,0.14
100.95,0,0.14
101,-0.017,0.14
101.05,-0.017,0.14
101.1,-0.017,0.14
101.15,-0.017,0.14
101.2,-0.017,0.14
101.25,-0.017,0.122
101.3,-0.017,0.122
101.35,0,0.122
101.4,0,0.105
101.45,0.017,0.105
101.5,0.017,0.105
101.55,0.017,0.087
101.6,0.035,0.087
101.65,0.035,0.087
101.7,0.035,0.087
101.75,0.035,0.105
101.8,0.035,0.105
101.85,0.035,0.105
101.9,0.017,0.122
101.95,0.017,0.122
102,0.017,0.122
102.05,0,0.14
102.1,0,0.14
102.15,-0.017,0.14
102.2,-0.017,0.14
102.25,-0.017,0.14
102.3,-0.017,0.14
102.35,-0.017,0.14
102.4,-0.017,0.122
102.45,-0.017,0.122
102.5,0,0.122
102.55,0,0.105
102.6,0.017,0.105
102.65,0.017,0.105
102.7,0.017,0.087
102.75,0.035,0.087
102.8,0.035,0.087
102.85,0.035,0.087
102.9,0.035,0.105
102.95,0.035,0.105
103,0.035,0.105
103.05,0.017,0.122
103.1,0.017,0.122
103.15,0.017,0.122
103.2,0,0.14
103.25,0,0.14
103.3,-0.017,0.14
103.35,-0.017,0.14
103.4,-0.017,0.14
103.45,-0.017,0.14
103.5,-0.017,0.14
103.55,-0.017,0.14
103.6,-0.017,0.122
103.65,0,0.122
103.7,0,0.105
103.75,0.017,0.105
103.8,0.017,0.105
103.85,0.017,0.087
103.9,0.035,0.087
103.95,0.035,0.087
104,0.035,0.087
104.05,0.035,0.105
104.1,0.035,0.105
104.15,0.035,0.105
104.2,0.017,0.122
104.25,0.017,0.122
104.3,0.017,0.122
104.35,0,0.14
104.4,0,0.14
104.45,-0.017,0.14
104.5,-0.017,0.14
104.55,-0.017,0.14
104.6,-0.017,0.14
104.65,-0.017,0.14
104.7,-0.017,0.14
104.75,-0.017,0.122
104.8,0,0.122
104.85,0,0.105
104.9,0,0.105
104.95,0.017,0.105
105,0.017,0.105
105.05,0.035,0.087
105.1,0.035,0.087
105.15,0.035,0.087
105.2,0.035,0.105
105.25,0.035,0.105
105.3,0.035,0.105
105.35,0.017,0.122
105.4,0.017,0.122
105.45,0.017,0.122
105.5,0,0.14
105.55,0,0.14
105.6,0,0.14
105.65,-0.017,0.14
105.7,-0.017,0.14
105.75,-0.017,0.14
105.8,-0.017,0.14
105.85,-0.017,0.14
105.9,-0.017,0.122
105.95,0,0.122
106,0,0.105
106.05,0,0.105
106.1,0.017,0.105
106.15,0.017,0.105
106.2,0.035,0.087
106.25,0.035,0.087
106.3,0.035,0.087
106.35,0.035,0.105
106.4,0.035,0.105
106.45,0.035,0.105
106.5,0.017,0.105
106.55,0.017,0.122
106.6,0.017,0.122
106.65,0,0.14
106.7,0,0.14
106.75,0,0.14
106.8,-0.017,0.14
106.85,-0.017,0.14
106.9,-0.017,0.14
106.95,-0.017,0.14
107,-0.017,0.14
107.05,-0.017,0.122
107.1,0,0.122
107.15,0,0.122
107.2,0,0.105
107.25,0.017,0.105
107.3,0.017,0.105
107.35,0.017,0.087
107.4,0.035,0.087
107.45,0.035,0.087
107.5,0.035,0.105
107.55,0.035,0.105
107.6,0.035,0.105
107.65,0.017,0.105
107.7,0.017,0.122
107.75,0.017,0.122
107.8,0,0.14
107.85,0,0.14
107.9,0,0.14
107.95,-0.017,0.14
108,-0.017,0.14
108.05,-0.017,0.14
108.1,-0.017,0.14
108.15,-0.017,0.14
108.2,-0.017,0.122
108.25,0,0.122
108.3,0,0.122
108.35,0,0.105
108.4,0.017,0.105
108.45,0.017,0.105
108.5,0.017,0.087
108.55,0.035,0.087
108.6,0.035,0.087
108.65,0.035,0.105
108.7,0.035,0.105
108.75,0.035,0.105
108.8,0.017,0.105
108.85,0.017,0.122
108.9,0.017,0.122
108.95,0,0.14
109,0,0.14
109.05,0,0.14
109.1,-0.017,0.14
109.15,-0.017,0.14
109.2,-0.017,0.14
109.25,-0.017,0.14
109.3,-0.017,0.14
109.35,-0.017,0.122
109.4,0,0.122
109.45,0,0.122
109.5,0,0.105
109.55,0.017,0.105
109.6,0.017,0.105
109.65,0.017,0.087
109.7,0.035,0.087
109.75,0.035,0.087
109.8,0.035,0.105
109.85,0.035,0.105
109.9,0.035,0.105
109.95,0.017,0.105
110,0.017,0.122
110.05,0.017,0.122
110.1,0,0.122
110.15,0,0.14
110.2,0,0.14
110.25,-0.017,0.14
110.3,-0.017,0.14
110.35,-0.017,0.14
110.4,-0.017,0.14
110.45,-0.017,0.14
110.5,-0.017,0.122
110.55,0,0.122
110.6,0,0.122
110.65,0,0.105
110.7,0.017,0.105
110.75,0.017,0.105
110.8,0.017,0.105
110.85,0.035,0.087
110.9,0.035,0.087
110.95,0.035,0.105
111,0.035,0.105
111.05,0.035,0.105
111.1,0.017,0.105
111.15,0.017,0.122
111.2,0.017,0.122
111.25,0,0.122
111.3,0,0.14
111.35,0,0.14
111.4,-0.017,0.14
111.45,-0.017,0.14
111.5,-0.017,0.14
111.55,-0.017,0.14
111.6,-0.017,0.14
111.65,-0.017,0.122
111.7,0,0.122
111.75,0,0.122
111.8,0,0.105
111.85,0.017,0.105
111.9,0.017,0.105
111.95,0.017,0.105
112,0.035,0.087
112.05,0.035,0.087
112.1,0.035,0.105
112.15,0.035,0.105
112.2,0.035,0.105
112.25,0.017,0.105
112.3,0.017,0.122
112.35,0.017,0.122
112.4,0,0.122
112.45,0,0.14
112.5,0,0.14
112.55,-0.017,0.14
112.6,-0.017,0.14
112.65,-0.017,0.14
112.7,-0.017,0.14
112.75,-0.017,0.14
112.8,-0.017,0.122
112.85,0,0.122
112.9,0,0.122
112.95,0,0.105
113,0.017,0.105
113.05,0.017,0.105
113.1,0.017,0.105
113.15,0.035,0.087
113.2,0.035,0.087
113.25,0.035,0.105
113.3,0.035,0.105
113.35,0.035,0.105
113.4,0.017,0.105
113.45,0.017,0.122
113.5,0.017,0.122
113.55,0.017,0.122
113.6,0,0.14
113.65,0,0.14
113.7,0,0.14
113.75,-0.017,0.14
113.8,-0.017,0.14
113.85,-0.017,0.14
113.9,-0.017,0.14
113.95,-0.017,0.14
114,0,0.122
114.05,0,0.122
114.1,0,0.105
114.15,0.017,0.105
114.2,0.017,0.105
114.25,0.017,0.105
114.3,0.017,0.087
114.35,0.035,0.087
114.4,0.035,0.105
114.45,0.035,0.105
114.5,0.035,0.105
114.55,0.017,0.105
114.6,0.017,0.122
114.65,0.017,0.122
114.7,0.017,0.122
114.75,0,0.14
114.8,0,0.14
114.85,0,0.14
114.9,-0.017,0.14
114.95,-0.017,0.14
115,-0.017,0.14
115.05,-0.017,0.14
115.1,-0.017,0.14
115.15,0,0.122
115.2,0,0.122
115.25,0,0.122
115.3,0.017,0.105
115.35,0.017,0.105
115.4,0.017,0.105
115.45,0.017,0.105
115.5,0.035,0.087
115.55,0.035,0.105
115.6,0.035,0.105
115.65,0.035,0.105
115.7,0.017,0.105
115.75,0.017,0.122
115.8,0.017,0.122
115.85,0.017,0.122
115.9,0,0.14
115.95,0,0.14
116,0,0.14
116.05,-0.017,0.14
116.1,-0.017,0.14
116.15,-0.017,0.14
116.2,-0.017,0.14
116.25,-0.017,0.14
116.3,0,0.122
116.35,0,0.122
116.4,0,0.122
116.45,0.017,0.105
116.5,0.017,0.105
116.55,0.017,0.105
116.6,0.017,0.105
116.65,0.035,0.087
116.7,0.035,0.105
116.75,0.035,0.105
116.8,0.035,0.105
116.85,0.017,0.105
116.9,0.017,0.105
116.95,0.017,0.122
117,0.017,0.122
117.05,0,0.122
117.1,0,0.14
117.15,0,0.14
117.2,-0.017,0.14
117.25,-0.017,0.14
117.3,-0.017,0.14
117.35,-0.017,0.14
117.4,-0.017,0.14
117.45,0,0.122
117.5,0,0.122
117.55,0,0.122
117.6,0,0.105
117.65,0.017,0.105
117.7,0.017,0.105
117.75,0.017,0.105
117.8,0.035,0.105
117.85,0.035,0.105
117.9,0.035,0.105
117.95,0.035,0.105
118,0.017,0.105
118.05,0.017,0.105
118.1,0.017,0.122
118.15,0.017,0.122
118.2,0,0.122
118.25,0,0.14
118.3,0,0.14
118.35,-0.017,0.14
118.4,-0.017,0.14
118.45,-0.017,0.14
118.5,-0.017,0.14
118.55,-0.017,0.14
118.6,0,0.122
118.65,0,0.122
118.7,0,0.122
118.75,0,0.105
118.8,0.017,0.105
118.85,0.017,0.105
118.9,0.017,0.105
118.95,0.035,0.105
119,0.035,0.105
119.05,0.035,0.105
119.1,0.035,0.105
119.15,0.017,0.105
119.2,0.017,0.105
119.25,0.017,0.122
119.3,0.017,0.122
119.35,0,0.122
119.4,0,0.14
119.45,0,0.14
119.5,-0.017,0.14
119.55,-0.017,0.14
119.6,-0.017,0.14
119.65,-0.017,0.14
119.7,-0.017,0.14
119.75,0,0.122
119.8,0,0.122
119.85,0,0.122
119.9,0,0.105
119.95,0.017,0.105
120,0.017,0.105